Step,Activation
0.98,1.0603562593460083
0.9802,1.060471773147583
0.9804,1.0605871677398682
0.9806,1.0607024431228638
0.9808,1.0608177185058594
0.981,1.0609334707260132
0.9812,1.0610487461090088
0.9814,1.061164140701294
0.9816,1.0612794160842896
0.9818,1.0613950490951538
0.982,1.061510443687439
0.9822,1.0616258382797241
0.9824,1.0617412328720093
0.9826,1.0618566274642944
0.9828,1.0619720220565796
0.983,1.0620874166488647
0.9832,1.06220281124115
0.9834,1.062318205833435
0.9836,1.0624337196350098
0.9838,1.062549114227295
0.984,1.06266450881958
0.9842,1.0627799034118652
0.9844,1.06289541721344
0.9846,1.0630106925964355
0.9848,1.0631260871887207
0.985,1.0632414817810059
0.9852,1.0633569955825806
0.9854,1.0634723901748657
0.9856,1.0635876655578613
0.9858,1.063703179359436
0.986,1.0638186931610107
0.9862,1.0639339685440063
0.9864,1.064049482345581
0.9866,1.0641647577285767
0.9868,1.064280390739441
0.987,1.0643956661224365
0.9872,1.0645110607147217
0.9874,1.0646264553070068
0.9876,1.0647419691085815
0.9878,1.0648573637008667
0.988,1.0649726390838623
0.9882,1.0650880336761475
0.9884,1.0652035474777222
0.9886,1.0653189420700073
0.9888,1.0654343366622925
0.989,1.0655497312545776
0.9892,1.0656652450561523
0.9894,1.0657806396484375
0.9896,1.0658960342407227
0.9898,1.0660115480422974
0.99,1.0661267042160034
0.9902,1.0662423372268677
0.9904,1.0663576126098633
0.9906,1.0664730072021484
0.9908,1.0665884017944336
0.991,1.0667039155960083
0.9912,1.0668193101882935
0.9914,1.066934585571289
0.9916,1.0670500993728638
0.9918,1.0671656131744385
0.992,1.0672810077667236
0.9922,1.0673962831497192
0.9924,1.0675116777420044
0.9926,1.0676273107528687
0.9928,1.0677424669265747
0.993,1.0678579807281494
0.9932,1.0679733753204346
0.9934,1.0680887699127197
0.9936,1.0682042837142944
0.9938,1.06831955909729
0.994,1.0684349536895752
0.9942,1.0685505867004395
0.9944,1.0686659812927246
0.9946,1.0687812566757202
0.9948,1.0688966512680054
0.995,1.06901216506958
0.9952,1.0691275596618652
0.9954,1.0692429542541504
0.9956,1.069358229637146
0.9958,1.0694737434387207
0.996,1.0695891380310059
0.9962,1.069704532623291
0.9964,1.0698199272155762
0.9966,1.0699353218078613
0.9968,1.070050835609436
0.997,1.0701662302017212
0.9972,1.070281744003296
0.9974,1.0703970193862915
0.9976,1.0705125331878662
0.9978,1.0706278085708618
0.998,1.070743203163147
0.9982,1.0708585977554321
0.9984,1.0709739923477173
0.9986,1.071089506149292
0.9988,1.0712049007415771
0.999,1.0713202953338623
0.9992,1.071435809135437
0.9994,1.0715512037277222
0.9996,1.0716664791107178
0.9998,1.0717819929122925
