Step,Prediction
0.98,0.12079435586929321
0.9802,0.12084698677062988
0.9804,0.12089961767196655
0.9806,0.12095212936401367
0.9808,0.12100476026535034
0.981,0.12105751037597656
0.9812,0.12111020088195801
0.9814,0.12116289138793945
0.9816,0.1212155818939209
0.9818,0.1212683916091919
0.982,0.12132120132446289
0.9822,0.12137389183044434
0.9824,0.12142670154571533
0.9826,0.12147951126098633
0.9828,0.12153232097625732
0.983,0.12158513069152832
0.9832,0.12163800001144409
0.9834,0.12169086933135986
0.9836,0.12174379825592041
0.9838,0.1217966079711914
0.984,0.12184959650039673
0.9842,0.12190252542495728
0.9844,0.1219555139541626
0.9846,0.12200844287872314
0.9848,0.12206143140792847
0.985,0.12211441993713379
0.9852,0.12216752767562866
0.9854,0.12222057580947876
0.9856,0.12227356433868408
0.9858,0.12232673168182373
0.986,0.1223798394203186
0.9862,0.12243294715881348
0.9864,0.12248605489730835
0.9866,0.12253916263580322
0.9868,0.12259238958358765
0.987,0.1226455569267273
0.9872,0.12269878387451172
0.9874,0.12275195121765137
0.9876,0.12280523777008057
0.9878,0.12285846471786499
0.988,0.12291169166564941
0.9882,0.12296497821807861
0.9884,0.12301826477050781
0.9886,0.12307167053222656
0.9888,0.12312495708465576
0.989,0.12317830324172974
0.9892,0.12323176860809326
0.9894,0.12328511476516724
0.9896,0.12333852052688599
0.9898,0.12339204549789429
0.99,0.12344539165496826
0.9902,0.12349885702133179
0.9904,0.12355232238769531
0.9906,0.12360578775405884
0.9908,0.12365931272506714
0.991,0.12371289730072021
0.9912,0.12376642227172852
0.9914,0.12381994724273682
0.9916,0.12387359142303467
0.9918,0.12392717599868774
0.992,0.1239808201789856
0.9922,0.12403440475463867
0.9924,0.12408804893493652
0.9926,0.12414181232452393
0.9928,0.124195396900177
0.993,0.12424910068511963
0.9932,0.12430286407470703
0.9934,0.12435656785964966
0.9936,0.12441039085388184
0.9938,0.12446415424346924
0.994,0.12451791763305664
0.9942,0.1245718002319336
0.9944,0.124625563621521
0.9946,0.12467938661575317
0.9948,0.12473326921463013
0.995,0.12478715181350708
0.9952,0.12484109401702881
0.9954,0.12489491701126099
0.9956,0.12494885921478271
0.9958,0.12500286102294922
0.996,0.12505680322647095
0.9962,0.12511074542999268
0.9964,0.12516474723815918
0.9966,0.12521874904632568
0.9968,0.12527287006378174
0.997,0.12532693147659302
0.9972,0.12538105249404907
0.9974,0.12543505430221558
0.9976,0.1254892349243164
0.9978,0.12554329633712769
0.998,0.12559741735458374
0.9982,0.12565159797668457
0.9984,0.12570571899414062
0.9986,0.12575995922088623
0.9988,0.12581419944763184
0.999,0.12586843967437744
0.9992,0.12592267990112305
0.9994,0.12597692012786865
0.9996,0.12603116035461426
0.9998,0.12608551979064941
