SMILES,SHAP Sampling_iqr_success
O=CCOc1c(Cl)cc(OCC=C(Cl)Cl)cc1Cl,False
COc1ccc2c(c1)NC(C(=O)O)CC2,True
CCN(CC)C(=O)c1ccc(S(=O)(=O)N(C)CCc2ccccn2)cc1,False
NCC1(Nc2ccc(Cl)cc2)CCC1,True
CCC1C(=O)OCc2c1cc1n(c2=O)Cc2c-1nc1cc3c(cc1c2CCCNC(=O)OCc1ccc(NC(=O)C(C)NC(=O)CC(C)C)cc1CCC1CC(O)C(O)C(C(=O)O)O1)OCO3,True
CC.CC.CNC(C)(C(C)=O)C(C)C,False
CN1CC(=O)C([Si](C)(C)C)=C(c2ccccc2)C1,False
O=C(NC1CCc2ccccc21)c1ccc(O)c(Cl)c1,False
CCOc1ccc(S(=O)(=O)N2Cc3[nH]c4ccccc4c3CC2C(=O)O)cc1,False
CC(C)(C)[O-].FC(F)(F)C(=CC(=Nc1c(Cl)cccc1Cl)C(F)(F)F)[N-]c1c(Cl)cccc1Cl.[Cu+2],False
COc1ccc(-n2cc(CN(C)Cc3ccn[nH]3)c(-c3cccc(F)c3)n2)cc1,False
CC(NC(=O)c1cccc(N(C)S(=O)(=O)c2ccccc2)c1)c1ccc2c(c1)CCCC2,False
C=CC(=O)OCCCCOC(=O)C(C#N)=Cc1c(C)n(C)c2ccccc12,True
Nc1ccc(B(O)O)cc1Sc1ccccc1,True
COCCOCCOCCC(CO)Cc1cccc(C)c1,True
COc1ccc2sc(N(CC[NH+]3CCOCC3)C(=O)c3ccc(C)cc3)nc2c1,False
NS.O=Cc1cc2cc(N3CCC(OCc4c(-c5c(Cl)cccc5Cl)noc4C4CC4)CC3)ccc2o1,False
CC(C#N)CNCc1cn[nH]c1-c1cccnc1,True
CCOc1ccc(NC(=O)C(=Cc2cccs2)n2nnnc2-c2ccccc2)cc1,False
CB(P)I.CB(P)I.CN1C(=O)CCC1=O.C[I-][B]P.O=C1CCC(=O)C1CCN1C(=O)CCC1=O,True
Cc1cc(O)c(CNCC(O)COCC2CC2)cc1C,True
Cc1ccc(CC(NC(=O)Nc2c(O)c(C)cn(Cc3ccccc3Cl)c2=O)C(=O)O)cc1,True
CCCC(C)CN1CCC(C(=O)NC(C=O)Cc2ccc(C)cc2)CC1,False
NC(=O)c1ccc(COc2ccc(C=O)cc2)cc1,True
CCC=CCC=CCC=CCC=CCC=CCCCCCCCC(=O)OC(C=CCCCCCCCCCCCCC)C(COP(=O)([O-])OCC[N+](C)(C)C)NC(=O)CCCCCCCCCCCCCCC,False
COc1ccc(S(=O)(=O)N2CCC(C(=O)NC(c3ccccc3)c3ccccc3)CC2)cc1OC,False
COC(=O)c1cccc2[nH]c(-c3ccc(OS(C)(=O)=O)cc3OC)nc12,False
COc1ccc(-c2cc(CCCN(C)C)c(C=O)[nH]2)cc1,False
C=CCCCCCCCC(CCC)c1ccccc1,False
CCOC(=O)C(C)(C)Oc1cccc(CC(=O)NC(C)c2ccccc2N2CCCCC2)c1,False
CCC1CCCC(O)(CC#N)CC1,True
C=NC(=NCc1ccccc1)c1cccc(-c2cccc(-n3c4ccccc4c4cc5c(cc43)-c3ccccc3N(c3ccccc3N=C)C5)c2)c1,False
C=CCNC(=O)NC1CCC1,False
NC1(c2csc(CCOCC(F)(F)F)n2)CCCC1,False
FC(F)(F)c1cc(Cl)cc(CN2CCC3(CCNCC3)C2)c1,False
COCCN(C)CCNCc1cc(C(N)=O)cs1,False
CNCC(C)C(C)O.CNCC(C)C(C)O,True
NCC1CN(C(=O)c2ccnc(-n3cccn3)c2)CC1c1ccccc1,False
COc1ccc(Br)c(C(=O)NCCC2SC(=NC3CCCCCC3)NC2=O)c1,True
COCCNCc1ccc(OC2CCOC2=O)cc1,False
C=CCCC(=O)C(=O)C(CCCC)CC(=O)C1C2C(CN1C(=O)C(CC(=O)CC1(CS(=O)(=O)C(C)(C)C)CCCCC1)C(C)(C)C)C2(C)C,True
Cc1nnc(-c2nnn(Cc3cc(C(F)(F)F)cc(C(F)(F)F)c3)c2-c2ccccc2)n1C(C)c1ccccc1Cl,False
CCc1nccn1CCC(=O)NC(CC)c1ccc(S(C)(=O)=O)cc1.O=CO,True
COc1ccc(COCCC2CC(OC(C)=O)CC(CC(CC3OC(OC(C)=O)CCC3C)OC)O2)cc1,False
CCOc1ccc(OCCNC(=O)N2CCOCC2)cc1,False
[O-][NH+]1C(I)=CN=C1I,False
CCc1nc(OC)c(C=O)c(OC(C)C)n1,False
C#CCCCC(=O)NCCCCC(NC(=O)CNC(=O)C(CC(C)C)NC(=O)c1ccc(C=CC=O)cc1)C(N)=O,True
CCc1cc(CC2CCN(C)C2)ccc1C.Cc1c[nH]c2ccc(SN3CCCCC3)cc12.NC=O,False
C=CCNC(C#N)c1cccc(OCC)c1O,False
Br.c1ccc(NCc2ccc(CN(Cc3nc4ccccc4[nH]3)C3CCCc4cccnc43)cc2)nc1,True
CCN(CC)C(=O)CC1CC=CC(=O)OC(C(C)C(OC)C(C)=CC=CC(C)=Cc2coc(C)n2)CC(O)C2(C)OC2C=CC(C)C(O)C1,True
CC=C(C(O)C(C)O)N1CCN(c2ccccc2)CC1.Cc1ccc(Oc2ccc(CNC=O)cc2)cc1,False
CC=CCCNC1CC(=O)N(CCC)C1=O,True
C=C(C)N1CC(NN)CC1CN.CC.CC(C)CCCCC1CCC2C3CC=C4CC(C)CCC4(C)C3CCC12C,False
COC1CN(CC2CCOCC2)CC12CC(c1ccccc1)CO2,True
COCOc1ccc(C2(C)CSc3cc(OCOC)ccc3C2(O)c2ccc(O[Si](C)(C)C(C)(C)C)cc2)cc1,True
C#CCCCC(=O)NC(=CC(=CC)c1ccc2c(c1)C(Nc1ccc(C(=O)OC)cc1)CC(C)N2C(C)=O)CC,True
C=CC(C=O)=CC=C(C)C(CCNCC(=O)N(CC#N)CCCC)(C(=N)N)c1ccc(C(=O)NC)cc1.CN.CNC,True
OCCn1nnc2c1CCCC2,True
c1ccc2[nH]c(-c3ccncc3C3CCCN3)nc2c1,False
Cc1cc(N)sc1-c1nc(C(C)C)nn1C,True
O=Cc1cc(Cl)ncc1-c1cc(Cl)cc(Cl)c1Cl,False
CCNCC(=O)NC1CCCC1C,False
CC(C)(C)CC1CN(CC2CCNCC2)C1,True
C#CC(=O)OCC.CCOC(=O)C=Cn1c(=O)n(Cc2csc3cccc(C)c23)c2ccccc21.CO.Cc1cccc2scc(Cn3c(=O)[nH]c4ccccc43)c12.Cc1cccc2scc(Cn3c(=O)n(C=CC(=O)O)c4ccccc43)c12.O=CO[O-].[K+].[K+].[NH-]N.[Na+].[OH-],False
CCOC(=O)CC1CC(=O)N(C(=O)OCC)C1,True
CCN(CC1COc2ccccc2O1)C(=O)CSc1nnc2cc(C)c3ccccc3n12,False
CC=CC(=O)OC(C)C(=O)NCCc1ccccc1,False
OC1CCCc2c1ccn2-c1c(Cl)cccc1Cl,True
O=Cc1ccc(-c2ccc(-c3nc4ccc(-c5ccc(C=O)cc5)cn4c3Cc3ccccc3)cc2)cc1,False
CC(C)CC(C=NOCc1ccccc1)NC(=O)C1CCCCC1(C(N)=O)c1c(C(=O)O)n(C)c2ccccc12,False
CCC[CH2][Sn]([CH]=C1CC2(O)CCCCC2(C)C1CC(=O)OCC)([CH2]CCC)[CH2]CCC,False
COc1cccc(OC2CCc3cc(-c4c(C)noc4C)ccc3N(C=O)C2)c1,False
CC(c1ccc(-c2cccc(O)c2)cc1)N1CCN(c2ccc(C(=O)NS(=O)(=O)C(C)(C)C)cc2)CC1,False
Cc1cccc(C)c1OCc1c(C=O)nnn1-c1ccccc1,False
CNCCOCCOCCOCCNC(=O)COc1cccc2c1C(=O)N(C1CCC(=O)NC1=O)C2=O,False
CC(C)c1ccccc1NC(=O)CCNC(=O)c1c[nH]c2ccccc12,False
COc1ccccc1C(CO)OC,False
COc1cccc(C(=O)NC(CN2CCCC2)c2ccccc2)c1,False
CCC(C(=O)c1ccccc1)N(C)CC(=O)N(C)C,True
CCC(C)c1ccc(N(c2ccc(Br)cc2)c2ccc(Br)cc2)cc1.CCCCCCCCC(CCCCCCCC)(c1cccc(B2OC(C)(C)C(C)(C)O2)c1)c1ccc2c(c1)-c1ccc(B3OC(C)(C)C(C)(C)O3)cc1C2(CCCCCCCC)CCCCCCCC.O=Cc1ccc(N(c2ccc(Br)cc2)c2ccc(Br)cc2)cc1,False
O=CN1CC(=O)c2c([nH]c3ccccc23)C1,True
CC(C)(C)c1ccc(S(=O)(=O)NC2=CCC(C#N)c3cc(C4=CCC=CC(F)=C4)cn32)cc1,False
C=CCOCC(OCc1ccccc1)C(OCc1ccccc1)C(C=O)OCc1ccccc1,False
CCCN1CCN(C(=O)C2(COC)CCNCC2)CC1,False
COCCn1ccc2ccc(OC(=O)N(CC3CNCC3Cc3ccccc3)C(C)C)cc21,False
COC(=O)C1C2c3ccccc3OC1(C)N=c1sc(=Cc3ccc(OC)c(COc4cccc(Cl)c4)c3)c(=O)n12,True
CCn1c(=O)n(C2CCN(CC3CC4CCC3C4)CC2CO)c2ccccc21,False
COCCN1CCN(c2ccc([N+](=O)[O-])c(Nc3ccccc3)c2)CC1,True
C=C1C(=O)OC2C1C(OC(=O)C(C)=CC)C1(O)OC(CC1C)CC(C)(O)C2OC(=O)C(C)C.C=C1C(=O)OC2C1C(OC(=O)C(C)=CC)C1(O)OC(CC1C)CC(C)(O)C2OC(=O)C=CC.C=C1C(=O)OC2C1C(OC(=O)C(C)=CC)C1(O)OC(CC1C)CC(C)(O)C2OC(=O)CC(C)C,False
CC=CCOC12CCCCC1c1c(OC)cccc1C2=O,False
O=Cc1nc2cc3c(cc2o1)OCO3,True
CCCCP(=O)(O)C(=O)OCc1ccccc1N.O=[PH+]O,False
CC(=O)Sc1nc(N)cs1,False
CCNC(CC)CNc1cnc(-c2cccnc2)nc1Oc1ccc(C=O)cc1.CN1CCCCC1,False
Cc1ccc2[nH]nc(C(=O)N3CCC(C(C)O)C3)c2c1,False
NC(=O)c1c(-c2ccc(Oc3ccccc3)nc2)nn(C2CCNCC2)c1N,False
CCC(Nc1ccc(C#N)cc1OC)C1CC1,True
CC=C(C)C(=O)OC1C2C(CC=C3CC(OC4CC(OC)C(OC5CC(OC)C(OC6CC(OC)C(OC7OC(C)C(O)C(OC)C7O)C(C)O6)C(C)O5)C(C)O4)CCC32COC(C)=O)C2(O)CCC(C(C)=O)C2(C)C1OC(C)=O,True
