SMILES,SHAP Sampling_auroc,SHAP Sampling_ap,SHAP Sampling_ap_baseline
Cc1ncc(F)cc1N.O=C=O,0.48571428571428577,0.6416666666666666,0.4166666666666667
CCOC(=O)CS(=O)(=O)CCCF,0.7083333333333333,0.7019230769230769,0.3076923076923077
COc1ccc(COc2ccc(C=O)cc2OC)c(F)c1,0.7279411764705882,0.6726190476190477,0.19047619047619047
CN(C)CC1CN(C2CC(COC3CCC(C=O)CC3)N(C(=O)Cc3cc(Cl)c(NC(=O)c4cn(C)c5ccccc45)cc3F)C2)C1,0.6298076923076923,0.6206479690522244,0.1702127659574468
CC(COc1ncccc1C(N)=O)CC1(C)CC(CN2C(=O)CN(c3cccc(OC(F)F)c3)C2=O)C1,0.6607142857142856,0.6787241787241787,0.24324324324324326
Cc1noc(C2CCN(C(=O)c3cccnc3SC(F)(F)F)CC2)n1,0.8114035087719298,0.7992592592592592,0.24
C.C.C=C(NCc1ccc(OCc2ccccc2F)cc1)c1cccc2ncnn12.C=C(NCc1ccc(OCc2ccccc2F)cc1)c1cccn2ncnc12.C=C(NCc1ccc(OCc2ccccc2F)cc1)c1ccn(C)c(=O)c1.C=C1C=C(C(=O)NCc2ccc(OCc3ccccc3F)cc2)C=CN1.Cn1cccc(C(=O)NCc2ccc(OCc3ccccc3F)cc2)c1=O.O=C(NCc1ccc(OCc2ccccc2F)cc1)c1ccn2ncnc2c1,0.6229482323232323,0.4284005341169274,0.13253012048192772
O=C(c1ccc(C(F)(F)F)cc1Oc1ccccc1)c1cnoc1C1CC1,0.8373015873015874,0.8425925925925926,0.2222222222222222
CC(F)(F)CCn1c(=O)sc2cc(-c3cc(CN4CCOCC4)ccc3C#N)ccc21,0.6461538461538461,0.6630272952853598,0.16129032258064516
CNc1nc(-c2nn(Cc3ccccc3F)c3ncccc23)nc(C)c1N(C)C=O,0.7355769230769231,0.6583333333333333,0.13333333333333333
COCN(C(=O)Nc1c(C)csc1F)C(=O)c1c(F)cccc1Cl,0.703125,0.7410714285714286,0.3333333333333333
CC(C)(C)OC(=O)N1CCCC1c1cc(-c2cc(-c3ccc4c(c3)CCNC4=O)c(N)nc2F)ccc1C1CCOCC1,0.6013513513513513,0.5742894056847545,0.13953488372093023
CC(NC(=O)c1cc2ccc(F)cc2[nH]1)C(O)c1ccc(F)cc1,0.6851851851851851,0.6712962962962963,0.25
CC(C)C(=O)Nc1nc2c(nnn2C2OC(CO)C(F)C2O[P+](=O)[O-])c(=O)[nH]1,0.6742424242424242,0.6320346320346321,0.21428571428571427
Cc1ncsc1-c1ccc(C(C)NC(=O)C2CC(O)CN2C(=O)C(NC(=O)CN2CCN(CC3(CNc4ccc(C(=O)NC5C(C)(C)C(Oc6ccc(C#N)c(C(F)(F)F)c6)C5(C)C)cc4)COC3)CC2)C(C)(C)C)cc1,0.5897435897435896,0.5151561129502306,0.15584415584415584
CCOC(=O)C1=C(C)N=c2sc(=Cc3cc(OCC)c(OCc4ccc(F)cc4)cc3Br)c(=O)n2C1c1ccc(Cl)cc1,0.6756756756756757,0.578919035314384,0.13953488372093023
CC(C)c1cc(C(F)(F)F)cn(C)c1=O.CC(C)c1cn(C)c(=O)n(C)c1=O.CC(C)c1nc(N)ccc1C(F)(F)F.CC(C)c1ncc(F)cc1C(F)(F)F.CC(C)c1ncccc1C(F)(F)F.CC(C)c1ncccc1Cl.COc1cnn(C)c(=O)c1C(C)C.Cc1c(C(C)C)c(=O)n(C)c(=O)n1C.Cc1c(C(F)(F)F)cn(C)c(=O)c1C(C)C.Cc1cc(C(F)(F)F)c(C(C)C)nc1C.Cc1cc(C)n(C)c(=O)c1C(C)C.Cc1cc(C)n(C)c(=O)c1C(C)C.Cc1cnc(C(C)C)nc1C.[C-]#[N+]c1cc(F)c(C(C)C)c(Cl)c1,0.7046716003700277,0.6139758471219418,0.24598930481283424
CC12CC1C(=O)c1c([nH]c(-c3ccnc(NC(=O)C4(F)CC4)c3)c1Nc1ccccc1)C2=O,0.535,0.40124458874458874,0.24242424242424243
C#CCOc1ccc2ccccc2c1C=c1sc2n(c1=O)C(c1ccc(F)cc1)C(C(=O)OCC)=C(C)N=2,0.5885416666666666,0.48318713450292394,0.15789473684210525
O=Cc1cc(-c2cnn(-c3ccc(S(=O)(=O)NC4CC4)cc3)c2)cc(F)c1O,0.625,0.5773809523809523,0.14285714285714285
O=CC1CCCN(Cc2ccc(Cl)cc2F)C1,0.7211538461538463,0.7088235294117646,0.23529411764705882
N#Cc1ccc(OC(=O)CC(=O)O)c(Cl)c1F,0.6212121212121212,0.67825311942959,0.35294117647058826
O=C1OC(c2ccccc2F)=NC1=Cc1cccc(OCc2ccccc2Br)c1,0.655,0.5880541871921182,0.13793103448275862
O=C(CCc1cnc(Cl)c(F)c1)Nc1n[nH]c2c1c(=O)[nH]c1cnccc12,0.5793650793650793,0.5324074074074073,0.2222222222222222
O=Cc1ccc(-c2cc(F)cc3c(N4CCC(c5nc(C6CC6)no5)CC4)ncnc23)cc1F,0.7380952380952381,0.6481617647058824,0.17647058823529413
Nc1[nH]c(=O)c(C(=O)O)c(-c2ccc(COc3ccccc3F)cc2)c1C(=O)O,0.5892857142857143,0.6402129817444219,0.27586206896551724
C.C#CC#CC#CC#CC.C#CC#CC#CC#CC#C.C#CC#CC#CC#CC#CC.C#CC#CC#CC#CC#CC#CC.CC#CC#CC#CC.CC#CC#CC#CC#CC#CC.Cc1cc(C#C[Si](C)(C)C)c(N)cc1F.Cc1cc(I)c(N)cc1F.Cc1cc2c(C=O)cn(C)c2cc1F.Cc1cc2cc[nH]c2cc1F.Cc1cc2ccn(C)c2cc1F.Cc1ccc(N)cc1F.Cc1cn(-c2ccc(C(=O)O)[nH]c2=O)cn1.Cc1cn(-c2ccc3n(c2=O)CCN(Cc2cn(C)c4cc(F)c(C(F)(F)F)cc24)C3=O)cn1.Cl.Cn1cc(CNCCO)c2cc(C(F)(F)F)c(F)cc21.PP,0.7273495605138607,0.5859585246909558,0.16346153846153846
CNC.O=CCCCCCCNCc1ccc(-c2ccc3ncnc(Nc4ccc(OCc5cccc(F)c5)c(Cl)c4)c3c2)o1,0.676829268292683,0.5638888888888889,0.08888888888888889
O=C(NCCN1CCCC1)c1cccc(-c2cccc(CN(CCc3ccncc3)C(=O)Cc3ccccc3Br)c2)c1.O=C(O)C(F)(F)F,0.6064102564102565,0.5935578231292516,0.20408163265306123
COC(=O)C1CCC(OC(F)N2CCCC2)CC1,0.7142857142857142,0.6805555555555556,0.2222222222222222
Cc1cc(-c2cncc(OCC(F)(F)F)c2)nc(C(C)(C)N(C=O)c2cnn(CC(F)F)c2)c1C,0.7243589743589743,0.7558039661487936,0.2571428571428571
CC=C(Cl)C(OC(=O)C1C(C=C(F)F)C1(C)C)c1cccc(Oc2ccc(Cl)cc2)c1,0.6461538461538461,0.6630272952853598,0.16129032258064516
Cc1ccc(S(=O)(=O)N(CC(=O)N(Cc2ccc(F)cc2)C(Cc2ccccc2)C(=O)NC(C)C)c2ccc(C)cc2C)cc1,0.5811965811965811,0.5682539682539682,0.13333333333333333
CC(NC(=O)CCCC=CCC1C(O)CC(O)C1CCC(O)CCc1ccccc1)C(=O)Oc1ccc(COCC(=O)CCCO[N+](=O)[O-])cc1.COc1cc(C(=O)OCCCCO[N+](=O)[O-])ccc1OC(=O)C(C)NC(=O)CCCC=CCC1C(O)CC(O)C1CCC(O)CCc1ccccc1.O=C(CCCC=CCC1C(O)CC(O)C1C=CC(O)COc1cccc(C(F)(F)F)c1)NCCCCO[N+](=O)[O-].O=C(CCCC=CCC1C(O)CC(O)C1C=CC(O)COc1cccc(C(F)(F)F)c1)NCCOCCO[N+](=O)[O-].O=C(CCCC=CCC1C(O)CC(O)C1CCC(O)CCc1ccccc1)NCCCN1CCC(CCCO[N+](=O)[O-])CC1.O=C(CCCO[N+](=O)[O-])COCc1ccc(OC(=O)CNC(=O)CCCC=CCC2C(O)CC(O)C2CCC(O)CCc2ccccc2)cc1,0.4933307926829268,0.30113624615700196,0.11510791366906475
C=CC(=O)N1CC(C)N(c2c(C#N)c(=O)n(-c3c(C)ccnc3C(C)C)c3nc(-c4ccccc4F)c(Cl)cc23)CC1C,0.6621621621621622,0.62984496124031,0.13953488372093023
CC(=O)c1cccc(S(=O)(=O)N(CC(F)(F)F)C2CCOCC2)c1,0.7175925925925926,0.7521929824561403,0.25
O=CNCc1cccc(Cl)c1Sc1ccc(F)cc1C=O,0.6555555555555556,0.6785714285714285,0.2857142857142857
O=C(Nc1nc2c(OC(F)F)cccc2s1)C1CCCN1,0.7250000000000001,0.7203463203463203,0.23809523809523808
O=C(CCCl)N1CCN(C(=O)c2ccc(C(F)(F)F)cc2)CC1,0.725,0.7869565217391304,0.34782608695652173
COCOCC(C)(NCc1ccc(C(F)(F)F)c(C=Cc2cccc(-c3ccc4nc(C)oc4c3)c2C)c1)C(=O)OC,0.7152777777777778,0.7157287157287157,0.14285714285714285
CC=C(C=N)C(=O)Nc1cccc(C(=N)OC(N)=Nc2ccc(N)c(C=N)c2)n1.CCCCC(F)(F)F,0.7419354838709677,0.7284159159159159,0.16216216216216217
O=C(C1CC(F)C1)N1CC2(C1)OCCC2COc1ncccc1F.O=C(O)C(F)(F)F,0.7105263157894738,0.7681791326952618,0.3870967741935484
C=CC(C(=O)O)([P+](=O)OC)C(C)(O)c1c(-c2ccc(F)cc2)cc(-c2ccccc2)nc1C(C)C,0.5403225806451613,0.5571428571428572,0.11428571428571428
CNc1ccc(N2C(=O)C(C)(C)N(c3ccc(-c4ccc(OCCCCOCC(=O)NC(C(=O)N5CC(O)CC5C(=O)NCc5ccc(-c6cnco6)cc5)C(C)(C)C)cc4)cc3F)C2=S)cc1Cl,0.5322033898305085,0.3797658862876254,0.14492753623188406
CC1C(=O)NC(Cc2ccc(F)c(F)c2)C(=O)NCCCc2ccccc2OCCNC(C2CC2)C(=O)N1C,0.5603448275862069,0.495014985014985,0.2564102564102564
CN(CC(C=O)C(F)F)C(=O)OC(C)(C)C,0.6825396825396826,0.7857142857142856,0.4375
O=CC1C(=O)c2cc(F)c(F)c3c2N2C(=CSC12)CO3,0.625,0.7145104895104896,0.4
CC(C)n1nnc2cc(C(=O)N3CCCN(C(=O)c4cc(Cc5n[nH]c(=O)c6c5NCCC6)ccc4F)CC3)ccc21,0.5772058823529412,0.5945767195767195,0.19047619047619047
O=C(Nc1nnc(C(F)(F)F)s1)C1CCCO1,0.7651515151515151,0.8012477718360071,0.35294117647058826
CCCCCCCCC(CCN1CCC(c2noc3cc(F)ccc23)CC1)C(=O)Nc1cccc2c1C(=O)NC2=O,0.5662878787878788,0.49356546854942235,0.1951219512195122
CNc1c(N(C)C)nc(-c2ccccc2C(C)C)nc1N(C=O)Cc1ccc(-c2nc(C(F)(F)F)cn2C)cc1,0.7524509803921569,0.7295454545454545,0.15
C=C(C=O)C=C(F)CCC(O)CCC,0.6375000000000001,0.6651785714285714,0.2857142857142857
C=CCC1OC(COCc2ccccc2)C(OCc2ccccc2)C=CC1OC1CC(OCc2ccccc2)C2(OC)OC(COCc3ccccc3)C(OCc3ccccc3)CC2OC1CC(=O)Oc1c(F)c(F)c(F)c(F)c1F,0.6896135265700483,0.5894890631712526,0.14814814814814814
CCc1c(-c2cc(Nc3ccc(N4CCOCC4)cn3)c(=O)n(C)c2)cc(F)cc1N1CCc2c(sc3c2CC(C)(C)C3)C1=O,0.5641025641025641,0.5257662835249042,0.13333333333333333
COC1CCC2(CC1)Cc1ccc(C#CC3CC3)cc1C21N=C(SCCC(F)(F)F)N(CCC(F)(F)F)C1=O,0.7689655172413794,0.7741732837055417,0.2564102564102564
C=CCCCCN(C(=O)C(F)(F)F)C(C=CC)CC12CC(=O)CC1CCN(S(=O)(=O)c1ccc(C)cc1)C2,0.7166666666666667,0.6704887218045112,0.21052631578947367
CC1(CC(=O)N2CCNC(=O)C2c2ccccc2F)CCCC1,0.5196078431372549,0.622044241037376,0.2608695652173913
Cc1ccc(Nc2c(C(=O)N3CC(C(=O)NCCO)C3)ccc(F)c2F)c(F)c1,0.7105263157894737,0.7289655172413793,0.3448275862068966
Cc1ccc(NC(=O)CC2COCCN2)cc1OC(F)F.Cl,0.7,0.7025974025974024,0.22727272727272727
COc1ccc2c(OC3CC4C(=O)CC5(P(=O)(O)Cc6c(F)cccc6F)CC5CCCCC(=O)CC(C)C(CC(=O)OC5CCCC5)C(=O)N4C3)cc(-c3csc(NC(C)C)n3)nc2c1,0.5779320987654322,0.47363879660391284,0.18181818181818182
O=Cc1ccn(C(F)C(F)F)n1,0.7714285714285714,0.8639455782312924,0.5833333333333334
O=C(O)C=CC(=O)O.O=C(c1cc(C(F)(F)F)cc(C(F)(F)F)c1)N1CCC(N2CCN(Cc3ccccc3)CC2)CC1Cc1ccccc1,0.6964285714285714,0.6942552405577616,0.28
O=C(COc1ccc(F)cc1Cl)Nc1ccc(S(=O)(=O)N2CCCCC2)cc1,0.609375,0.575187969924812,0.14285714285714285
CCOc1noc(C2CC(c3ccc(CC(F)(F)F)cc3)CN(C=O)C2)n1,0.7500000000000001,0.7527233115468408,0.2222222222222222
C.CC(=O)CCl.CC(=O)c1cc2cc(F)ccc2o1.O=C(CBr)c1cc2cc(F)ccc2o1.O=CO[O-].O=Cc1cc(F)ccc1O.Oc1ccc(F)cc1.[K+].[K+],0.5555555555555556,0.49959172622915315,0.3157894736842105
NC(CC=NS(=O)(=O)CCC(c1ccc(C#Cc2ccccc2)cc1)C(F)(F)F)C(=O)O,0.8076923076923078,0.7736742424242424,0.1875
CNC(=O)c1cccc(C(N)=O)c1C(Cc1cc(F)cc(F)c1)C(O)C1CC(c2ccccc2)CN1,0.6205357142857143,0.6191239316239316,0.2222222222222222
C=[N+](C)C1CC(C)CC(c2ccncc2NC(=O)c2ccc(F)c(-c3c(F)cc(C(O)CO)cc3F)n2)C1,0.6854166666666667,0.6555864371266849,0.21052631578947367
O=C(CSc1nc2ccc(NC(=O)c3ccccc3C(=O)N3CCOCC3)cc2s1)Nc1ccccc1F,0.6270833333333334,0.6483918128654971,0.21052631578947367
O=Cc1cccn(-c2cccc(F)c2)c1=S,0.5416666666666666,0.6201923076923077,0.25
Cc1cc(C=O)nc(CSc2ccc(F)cc2)n1,0.6339285714285715,0.6305555555555555,0.2222222222222222
CCN(CC)C(=O)c1cc(OCOC)c(C2=CC3(CCN(C(=O)OC(C)(C)C)CC3)Cc3ccc(F)cc32)cn1,0.6519607843137255,0.6106060606060606,0.15
Cc1ccc(S(=O)(=O)N(C)CC(=O)N(Cc2ccc(F)cc2)C(Cc2ccccc2)C(=O)NC2CCCC2)cc1,0.5441176470588236,0.5702020202020203,0.15
COc1ccc2c(=NO)cc(C(=O)N3CCN(S(=O)(=O)c4ccc(F)c(F)c4)CC3)oc2c1,0.7098765432098766,0.6275252525252525,0.18181818181818182
O=C(NCCCc1ncn[nH]1)C1(c2ccc(F)cc2)CC1,0.6544117647058824,0.6158008658008658,0.19047619047619047
COC(C=O)(c1cccc2ccccc12)C(F)(F)F,0.75,0.7887426900584795,0.3157894736842105
Nc1c(Br)cc(C=O)cc1C(F)(F)F,0.7708333333333333,0.8306878306878307,0.42857142857142855
Cc1ncc(Cl)cc1C(=O)NCC1CCC(CN2C(=O)C(C)(F)c3ccc(Cl)cc32)CC1,0.6346153846153846,0.6180555555555555,0.1875
COC(=O)c1cccc(-n2ncc3c2C=C2CCC4C(C(O)CC5(C)C4CCC5(OC(=O)c4ccco4)C(=O)SCF)C2(C)C3)c1,0.4161184210526315,0.2673694059563625,0.17391304347826086
COC(=O)NC(C(=O)NC(Cc1ccc(C#Cc2ccc(N3C4CCC3CN(C3COC3)C4)nc2)cc1)C(O)CNCc1c(F)cc(C(C=NC(F)F)=CN)cc1F)C(C)(C)C(F)(F)F.COC(=O)NC(C(N)=O)C(C)(C)C(F)(F)F,0.7278860569715143,0.6929511509858473,0.2839506172839506
COc1cnc(C)nc1Nc1n[nH]c2cc(C3CC34C(=O)Nc3ccc(C(F)(F)F)cc34)ccc12,0.7614942528735632,0.7369047619047618,0.17142857142857143
CCN1CN(c2ccc(Br)cc2)C2(CCN(CCCC(=O)c3ccc(F)cc3)CC2)C1=O,0.5833333333333334,0.599537037037037,0.1875
CC1(CNC(=O)c2cccc(OC(F)(F)F)c2)CCCNC1,0.7395833333333334,0.7676767676767676,0.2727272727272727
CC(C)c1ccc(OCC(=O)NCc2ccc(OC(F)F)cc2)cc1,0.6599999999999999,0.6821052631578948,0.2
Cc1nn(-c2ccc(F)cc2)c(Cl)c1C(=O)OCc1ccc2ccccc2n1,0.5833333333333334,0.5714285714285714,0.14285714285714285
C.C.C.C.C#[N+]C1CCCCC1.CC(C)(C)c1ccc(N)cc1.COC1CC(C(=O)N(c2ccc(C(C)(C)C)cc2)C(C(=O)NC2CCCCC2)c2cccnc2)N(C#N)C1.COC1CC(C(=O)N(c2ccc(C(C)(C)C)cc2)C(C(=O)NC2CCCCC2)c2cccnc2)N(C(=O)OC(C)(C)C)C1.COC1CC(C(=O)O)N(C(=O)OC(C)(C)C)C1.COC1CNC(C(=O)N(c2ccc(C(C)(C)C)cc2)C(C(=O)NC2CCCCC2)c2cccnc2)C1.O=CC(F)(F)F.O=Cc1cccnc1,0.499867374005305,0.3107247962160372,0.15204678362573099
CCN1C(=O)C(=Cc2ccc(Br)o2)SC1=Nc1ccc(F)cc1,0.5921052631578947,0.5903532608695652,0.17391304347826086
CC(C)CC(NC(=O)OCC1c2ccccc2-c2ccccc21)C(=O)NC(C)C(=O)NC(CCC(=O)OC(C)(C)C)C(=O)Nc1ccc(C(OC=O)Oc2c(F)c(F)c(F)c(F)c2F)cc1,0.5356404958677686,0.5271473286005492,0.3333333333333333
O=C1NCc2ccc(NCc3ccn(-c4ccc(F)cc4)n3)cc21,0.58125,0.5857843137254902,0.16666666666666666
COc1ccc(C(=O)Nc2nn(Cc3ccc(F)cc3)cc2Cl)cc1,0.5892857142857143,0.5816666666666667,0.16
Cn1c(SCC(=O)Nc2cc(F)ccc2F)nnc1-c1nc(-c2ccccc2)no1,0.7361111111111112,0.6555555555555556,0.2
CC(=O)N1CCCC1c1ccc(Cc2cncc(C=O)c2)c(F)c1,0.6111111111111112,0.6499999999999999,0.25
[CH2+]C1(OC(=O)N2CC3COCC(C2)C3(C)Oc2ncnc(CCC(N)c3cccc(CC)c3C)c2F)CC1,0.5808823529411765,0.5521778584392014,0.10526315789473684
Cc1ccc(NC2=C(c3ccc(F)cc3)C(=O)N(c3cccc(C)c3C)C2=O)cc1C,0.5733333333333334,0.5978494623655913,0.1935483870967742
Cc1cn(C2CC(OP(=O)(O)OCC3OC(n4cc(C)c(=O)[nH]c4=O)CC3OP(=O)(O)OCC3OC(n4cnc5c(=O)[nH]c(N)nc54)C(O)C3OP(=O)(O)OCC3OC(n4cnc5c(=O)[nH]c(N)nc54)C(O)C3O)C(COP(=O)(O)OC3CC(n4cc(C)c(=O)[nH]c4=O)OC3COP(=O)(O)OC3CC(n4cc(C)c(=O)[nH]c4=O)OC3COP(=O)(O)OC3C(COC4C(COC5C(COP(=O)(O)OC6C(COP(=O)(O)OC7C(COP(=O)(O)O)OC(n8cnc9c(N)ncnc98)C7O)OC(n7cnc8c(N)ncnc87)C6O)OC(n6cnc7c(N)ncnc76)C5O)OC(n5cc(C#Cc6ccc7ccc8cccc9ccc6c7c89)c(=O)[nH]c5=O)C4O)OC(n4cc(F)c(=O)[nH]c4=O)C3O)O2)c(=O)[nH]c1=O,0.5066978193146418,0.155019552824011,0.12295081967213115
COc1ccc(-c2cc(F)cc(C(=O)O)c2)cc1CNC(=O)c1ccc(OC(C)C)cc1Cl,0.537037037037037,0.5029137529137528,0.18181818181818182
O=c1[nH]c2ccccc2n1COCCON1CCN(c2cccc(C(F)(F)F)c2)CC1,0.8166666666666667,0.7915173237753883,0.1935483870967742
COc1c(N2CCC(CN)C2)c(F)cc2c(=O)n(N)c(=O)n(C3CC3)c12,0.6749999999999999,0.6721611721611721,0.23076923076923078
CC(NC(=O)c1ccc(Cc2cccc(C(=O)OC(=O)C(F)(F)F)c2)c2c1OCCCc1cc(N=C(N)N)ccc1C(=O)O2)C(=O)OC(C)(C)C,0.5308880308880308,0.46119606265319013,0.27450980392156865
O=Cc1c(C(F)(F)F)ccc(C(F)(F)F)c1Cl,0.6214285714285714,0.6938768094650447,0.5882352941176471
